<?xml version="1.0" encoding="utf-8"?>
<odoo>
    <data noupdate="0">
    	<record id="website.main_menu" model="website.menu">
          <field name="name">默认主菜单</field>
        </record>
        <record id="website.menu_home" model="website.menu">
            <field name="name">主页</field>
        </record>
        <record id="website.menu_contactus" model="website.menu">
            <field name="name">联系我们</field>
        </record>
        
    	<record id="website.default_website" model="website">
            <field name="name">默认网站</field>
            <field name="favicon" model="anodoo.product" eval="obj()._get_default_favicon()"/>
            <field name="logo" type="base64" file="anodoo_base/static/src/img/anodoo.png"/>
            <field name="auth_signup_uninvited">b2c</field>
        </record>
        
        <!-- 网站表单 -->
        <record id="model_anodoo_website_form" model="ir.model">
            <field name="website_form_key">create_website_form</field>
            <field name="website_form_access">True</field>
            <field name="website_form_label">网站表单</field>
            <field name="website_form_default_field_id" ref="anodoo_website.field_anodoo_website_form__custom_data"/>
        </record>
        <function model="ir.model.fields" name="formbuilder_whitelist">
            <value>anodoo.website.form</value>
            <value eval="[
                'name', 'description', 'number_field', 'date_field', 'date_time_field'
            ]"/>
        </function>
        
        <!-- 默认聊天频道 -->
        <record id="im_livechat.im_livechat_channel_data" model="im_livechat.channel">
            <field name="name">默认在线聊天频道</field>
            <field name="button_text">欢迎使用在线聊天即时解决问题...</field>
            <field name="default_message">您好,请问有什么可以帮您?</field>
            <field name="input_placeholder">您好,请输入您的问题.</field>
            
        </record>
        
    	<!--
    	<record id="engage_channel_website" model="anodoo.engage.channel" >
	    	<field name="code">engage.channel.website</field>
	        <field name="name">官网</field>
	        <field name="sequence">1</field>
	        <field name="online">online</field>
	        <field name="type">intype</field>
	        <field name="description">通过官网和客户交互,官网还包含了一系列相关的交互形式,如官方博客,官方论坛,官方电商,在线学习等</field>
	    </record>
	    
	    <record id="engage_channel_website_visit" model="mail.activity.type">
            <field name="name">访问网站</field>
            <field name="engage_channel_id" ref="engage_channel_website"/>
        </record>
        <record id="engage_channel_website_page" model="mail.activity.type">
            <field name="name">浏览网页</field>
            <field name="engage_channel_id" ref="engage_channel_website"/>
        </record>
        <record id="engage_channel_website_review" model="mail.activity.type">
            <field name="name">评论网页</field>
            <field name="engage_channel_id" ref="engage_channel_website"/>
        </record>
	    
	     
	    <record id="engage_channel_website_blog" model="anodoo.engage.channel">
	    	<field name="code">engage.channel.blog</field>
	        <field name="name">官网博客</field>
	        <field name="sequence">2</field>
	        <field name="online">online</field>
	        <field name="type">intype</field>
	        <field name="description">通过官网博客和客户交互,还可以通过一些第三方博客平台和客户交互</field>
	    </record>
	    <record id="engage_channel_website_blog_push" model="mail.activity.type">
            <field name="name">推送文章</field>
            <field name="engage_channel_id" ref="engage_channel_website_blog"/>
        </record>
	    <record id="engage_channel_website_blog_visit" model="mail.activity.type">
            <field name="name">浏览文章</field>
            <field name="engage_channel_id" ref="engage_channel_website_blog"/>
        </record>
        <record id="engage_channel_website_blog_add" model="mail.activity.type">
            <field name="name">收藏文章</field>
            <field name="engage_channel_id" ref="engage_channel_website_blog"/>
        </record>
        <record id="engage_channel_website_blog_review" model="mail.activity.type">
            <field name="name">评论文章</field>
            <field name="engage_channel_id" ref="engage_channel_website_blog"/>
        </record>
	    
	    <record id="engage_channel_website_forum" model="anodoo.engage.channel" >
	    	<field name="code">engage.channel.forum</field>
	        <field name="name">官网论坛</field>
	        <field name="sequence">3</field>
	        <field name="online">online</field>
	        <field name="type">intype</field>
	        <field name="description">通过官网论坛和客户交互,还可以通过第三方论坛,社区等</field>
	    </record>
	    <record id="engage_channel_website_forum_visit" model="mail.activity.type">
            <field name="name">浏览帖子</field>
            <field name="engage_channel_id" ref="engage_channel_website_forum"/>
        </record>
        <record id="engage_channel_website_forum_create" model="mail.activity.type">
            <field name="name">发表帖子</field>
            <field name="engage_channel_id" ref="engage_channel_website_forum"/>
        </record>
        <record id="engage_channel_website_forum_review" model="mail.activity.type">
            <field name="name">回复帖子</field>
            <field name="engage_channel_id" ref="engage_channel_website_forum"/>
        </record>
	    
	    <record id="engage_channel_website_livechat" model="anodoo.engage.channel">
	    	<field name="code">engage.channel.livechat</field>
	        <field name="name">官网在线聊天</field>
	        <field name="sequence">4</field>
	        <field name="online">online</field>
	        <field name="type">intype</field>
	        <field name="description">通过官网的在线聊天功能和客户交互,还可以通过一些第三方在线客服,第三方协助建设的呼叫中心等</field>
	    </record>
	    
	    <record id="engage_channel_website_survey" model="anodoo.engage.channel" >
	    	<field name="code">engage.channel.survey</field>
	        <field name="name">官网问卷调查</field>
	        <field name="sequence">5</field>
	        <field name="online">online</field>
	        <field name="type">intype</field>
	        <field name="description">通过官网的问卷调查和客户交互,还可以通过第三方提供的问卷调查小程序等</field>
	    </record>
	    
	    <record id="engage_channel_website_elearning" model="anodoo.engage.channel">
	    	<field name="code">engage.channel.elearning</field>
	        <field name="name">官网在线课程</field>
	        <field name="sequence">6</field>
	        <field name="online">online</field>
	        <field name="type">intype</field>
	        <field name="description">通过官网的在线课程和客户交互,还可以通过第三方培训平台等</field>
	    </record>
	    
	    <record id="engage_channel_website_portal" model="anodoo.engage.channel">
	    	<field name="code">engage.channel.portal</field>
	        <field name="name">官网客户门户</field>
	        <field name="sequence">7</field>
	        <field name="online">online</field>
	        <field name="type">intype</field>
	        <field name="description">通过官网的客户门户和客户交互</field>
	    </record>
	    
	    <record id="engage_channel_website_prm" model="anodoo.engage.channel">
	    	<field name="code">engage.channel.prm</field>
	        <field name="name">官网代理商门户</field>
	        <field name="sequence">8</field>
	        <field name="online">online</field>
	        <field name="type">intype</field>
	        <field name="description">通过官网代理商或伙伴门户和客户交互,这里主要是指通过代理商和客户产生的交互活动等</field>
	    </record>
	    
	    <record id="engage_channel_website_ecom" model="anodoo.engage.channel">
	    	<field name="code">engage.channel.ecom</field>
	        <field name="name">官网电商</field>
	        <field name="sequence">9</field>
	        <field name="online">online</field>
	        <field name="type">intype</field>
	        <field name="description">通过官网电商和客户交互,也可以通过第三方电商平台等</field>
	    </record> -->
	    
	    <!-- 发送聊天记录模板 -->
	    <template id="livechat_email_template">
<table border="0" cellpadding="0" cellspacing="0" style="padding-top: 16px; background-color: #F1F1F1; font-family:Verdana, Arial,sans-serif; color: #454748; width: 100%; border-collapse:separate;"><tr><td align="center">
<table border="0" cellpadding="0" cellspacing="0" width="590" style="padding: 24px; background-color: white; color: #454748; border-collapse:separate;">
<tbody>
    <!-- HEADER -->
    <tr>
        <td align="center" style="min-width: 590px;">
            <table border="0" cellpadding="0" cellspacing="0" width="100%" style="background-color: white; padding: 0; border-collapse:separate;">
                <tr><td valign="middle">
                    <span style="font-size: 10px;">在线聊天记录</span><br/>
                    <span style="font-size: 20px; font-weight: bold;">
                        <t t-esc="company.name"/>
                    </span>
                </td><td valign="middle" align="right">
                    <img t-att-src="'/logo.png?company=%s' % company.id" style="padding: 0px; margin: 0px; height: 48px;" t-att-alt="'%s' % company.name"/>
                </td></tr>
                <tr><td colspan="2" style="text-align:center;">
                  <hr width="100%" style="background-color:rgb(204,204,204);border:medium none;clear:both;display:block;font-size:0px;min-height:1px;line-height:0; margin:4px 0px 32px 0px;"/>
                </td></tr>
            </table>
        </td>
    </tr>
    <!-- CONTENT -->
    <t t-set="top" t-value="'border-top: thin solid #dee2e6;'" />
    <t t-set="bottom" t-value="'border-bottom: thin solid #dee2e6;'" />
    <t t-set="right" t-value="'border-right: thin solid #dee2e6;'" />
    <t t-set="left" t-value="'border-left: thin solid #dee2e6;'" />
    <tr>
        <td style="padding: 0 50px;">
            <div style="font-size: 13px; padding: 10px 0;">
                <span>您好,</span><br />以下是您和
                <span t-field="channel.livechat_operator_id.name"/>的在线聊天记录, 聊天时间是
                <span t-field="channel.livechat_channel_id.create_date"/>,请您查收.
            </div>
            <table cellspacing="0" cellpadding="0" style="width:100%; border-collapse: collapse;">
                <t t-foreach="channel.message_ids.sorted(key=lambda m: m.date)" t-as="message" >
                    <t t-set="author_name" t-value="message.author_id.name if message.author_id else 'You'" />
                    <tr>
                        <td valign="top" align="center" rowspan="2" t-att-style="'width: 70px;' + top + bottom + left">
                            <t t-if="message.author_avatar">
                                <img  t-attf-alt="{{author_name}}" style="width: 64px; height: 64px; object-fit: cover;" t-attf-src="data:image/png;base64,{{message.author_avatar}}"/>
                            </t>
                            <t t-else="">
                                <img  t-attf-alt="{{author_name}}" style="width: 64px; height: 64px; object-fit: cover;" src="/mail/static/src/img/smiley/avatar.jpg"/>
                            </t>
                        </td>
                        <td t-att-style="'padding-left: 5px; margin: 0px;' + top">
                            <strong t-esc="author_name"/>
                        </td>
                        <td  t-att-style="'font-size: 13px; padding: 5px;' + top + right" align="right"><span t-field="message.date"/></td>
                    </tr>
                    <tr>
                        <td valign="top" colspan="2" t-att-style="'padding-left: 5px;' + bottom + right">
                            <span t-field="message.body" style="font-size: 13px;"/>
                        </td>
                    </tr>
                </t>
            </table>
            <div style="font-size: 13px; padding: 30px 0;">
                <span>感谢您的访问</span><br /><br />
                <span t-field="company.name"/>
            </div>
        </td>
    </tr>
    <!-- FOOTER -->
    <tr>
        <td align="center" style="min-width: 590px; padding: 0 8px 0 8px; font-size:11px;">
            <hr width="100%" style="background-color:rgb(204,204,204);border:medium none;clear:both;display:block;font-size:0px;min-height:1px;line-height:0; margin: 16px 0px 4px 0px;"/>
            <b t-esc="company.name"/><br/>
            <div style="color: #999999;">
                <t t-esc="company.phone"/>
                <t t-if="company.email"> |
                    <a t-att-href="'mailto:%s' % company.email" style="text-decoration:none; color: #999999;"><t t-esc="company.email"/></a>
                </t>
                <t t-if="company.website"> |
                    <a t-att-href="'%s' % company.website" style="text-decoration:none; color: #999999;">
                        <t t-esc="company.website"/>
                    </a>
                </t>
            </div>
        </td>
    </tr>
</tbody>
</table>
</td></tr>
<!-- POWERED BY -->
<tr><td align="center" style="min-width: 590px;">
        Powered by <a target="_blank" href="https://www.odoo.com?utm_source=db&amp;utm_medium=email" style="color: #875A7B;">Odoo</a>
</td></tr>
</table>
        </template>
    </data>
</odoo>