<?xml version="1.0" encoding="utf-8"?>
<odoo>
    <data noupdate="1">
    	<!-- 赵钱孙李四个marketing人员 -->
		<record id="partner_zhao_sales" model="res.partner">
            <field name="name">赵销售</field>
            <field name="company_id" ref="base.main_company"/>
            <field name="street">南沙区进港大道2352号</field>
            <field name="city">广州市</field>
            <field name="state_id"  model="res.country.state" search="[('name','ilike','广东省')]"/>
            <field name="zip">510000</field>
            <field name="country_id" ref="base.cn"/>
            <field name="tz">Asia/Shanghai</field>
            <field name="email">zhao.sales@anodoo.com</field>
            <field name="phone">020-23432423</field>
            <field name="partner_type">user</field>
        </record>
        <record id="user_zhao_sales" model="res.users">
            <field name="partner_id" ref="partner_zhao_sales"/>
            <field name="login">zhao.sales</field>
            <field name="password">123456</field>
            <field name="signature" type="xml"><span>-- <br/>赵销售</span></field>
            <field name="company_id" ref="base.main_company"/>
            <field name="groups_id" eval="[(6,0,[ref('base.group_user'), ref('sales_team.group_sale_manager')])]"/>
            <field name="image_1920" type="base64" file="base/static/img/res_partner_address_1.jpg"/>
        </record>
        
        <record id="partner_qian_sales" model="res.partner">
            <field name="name">钱销售</field>
            <field name="company_id" ref="base.main_company"/>
            <field name="street">南沙区凤凰大道1号</field>
            <field name="city">广州市</field>
            <field name="state_id"  model="res.country.state" search="[('name','ilike','广东省')]"/>
            <field name="zip">510000</field>
            <field name="country_id" ref="base.cn"/>
            <field name="tz">Asia/Shanghai</field>
            <field name="email">qian.sales@anodoo.com</field>
            <field name="phone">020-23432423</field>
            <field name="partner_type">user</field>
        </record>
        <record id="user_qian_sales" model="res.users">
            <field name="partner_id" ref="partner_qian_sales"/>
            <field name="login">qian.sales</field>
            <field name="password">123456</field>
            <field name="signature" type="xml"><span>-- <br/>钱销售</span></field>
            <field name="company_id" ref="base.main_company"/>
            <field name="groups_id" eval="[(6,0,[ref('base.group_user'), ref('sales_team.group_sale_salesman')])]"/>
            <field name="image_1920" type="base64" file="base/static/img/res_partner_address_2.jpg"/>
        </record>
        
        <record id="partner_sun_sales" model="res.partner">
            <field name="name">孙销售</field>
            <field name="company_id" ref="base.main_company"/>
            <field name="street">南沙区市南大道32号</field>
            <field name="city">广州市</field>
            <field name="state_id"  model="res.country.state" search="[('name','ilike','广东省')]"/>
            <field name="zip">510000</field>
            <field name="country_id" ref="base.cn"/>
            <field name="tz">Asia/Shanghai</field>
            <field name="email">sun.sales@anodoo.com</field>
            <field name="phone">020-23432423</field>
            <field name="partner_type">user</field>
        </record>
        <record id="user_sun_sales" model="res.users">
            <field name="partner_id" ref="partner_sun_sales"/>
            <field name="login">sun.sales</field>
            <field name="password">123456</field>
            <field name="signature" type="xml"><span>-- <br/>孙销售</span></field>
            <field name="company_id" ref="base.main_company"/>
            <field name="groups_id" eval="[(6,0,[ref('base.group_user'), ref('sales_team.group_sale_manager')])]"/>
            <field name="image_1920" type="base64" file="base/static/img/res_partner_address_3.jpg"/>
        </record>
        
        <record id="partner_li_sales" model="res.partner">        	
            <field name="name">李销售</field>
            <field name="company_id" ref="base.main_company"/>
            <field name="street">南沙区市环市大道1322号</field>
            <field name="city">广州市</field>
            <field name="state_id"  model="res.country.state" search="[('name','ilike','广东省')]"/>
            <field name="zip">510000</field>
            <field name="country_id" ref="base.cn"/>
            <field name="tz">Asia/Shanghai</field>
            <field name="email">li.sales@anodoo.com</field>
            <field name="phone">020-23432423</field>
            <field name="partner_type">user</field>
        </record>
        <record id="user_li_sales" model="res.users">
            <field name="partner_id" ref="partner_li_sales"/>
            <field name="login">li.sales</field>
            <field name="password">123456</field>
            <field name="signature" type="xml"><span>-- <br/>李销售</span></field>
            <field name="company_id" ref="base.main_company"/>
            <field name="groups_id" eval="[(6,0,[ref('base.group_user'), ref('sales_team.group_sale_salesman')])]"/>
            <field name="image_1920" type="base64" file="base/static/img/res_partner_address_4.jpg"/>
        </record>
        
        <!-- 赵钱营销人员 -->
        <record id="partner_zhao_marketing" model="res.partner">
            <field name="name">赵营销</field>
            <field name="company_id" ref="base.main_company"/>
            <field name="street">南沙区庙前路25号</field>
            <field name="city">广州市</field>
            <field name="state_id"  model="res.country.state" search="[('name','ilike','广东省')]"/>
            <field name="zip">510000</field>
            <field name="country_id" ref="base.cn"/>
            <field name="tz">Asia/Shanghai</field>
            <field name="email">zhao.marketing@anodoo.com</field>
            <field name="phone">020-23432423</field>
            <field name="partner_type">user</field>
        </record>
        <record id="user_zhao_marketing" model="res.users">
            <field name="partner_id" ref="partner_zhao_marketing"/>
            <field name="login">zhao.marketing</field>
            <field name="password">123456</field>
            <field name="signature" type="xml"><span>-- <br/>赵营销</span></field>
            <field name="company_id" ref="base.main_company"/>
            <field name="groups_id" eval="[(6,0,[ref('base.group_user')])]"/>
            <field name="image_1920" type="base64" file="base/static/img/res_partner_address_5.jpg"/>
        </record>
        
        <record id="partner_qian_marketing" model="res.partner">
            <field name="name">钱营销</field>
            <field name="company_id" ref="base.main_company"/>
            <field name="street">南沙区天后宫路21号</field>
            <field name="city">广州市</field>
            <field name="state_id"  model="res.country.state" search="[('name','ilike','广东省')]"/>
            <field name="zip">510000</field>
            <field name="country_id" ref="base.cn"/>
            <field name="tz">Asia/Shanghai</field>
            <field name="email">qian.marketing@anodoo.com</field>
            <field name="phone">020-23432423</field>
            <field name="partner_type">user</field>
        </record>
        <record id="user_qian_marketing" model="res.users">
            <field name="partner_id" ref="partner_qian_marketing"/>
            <field name="login">qian.marketing</field>
            <field name="password">123456</field>
            <field name="signature" type="xml"><span>-- <br/>钱营销</span></field>
            <field name="company_id" ref="base.main_company"/>
            <field name="groups_id" eval="[(6,0,[ref('base.group_user')])]"/>
            <field name="image_1920" type="base64" file="base/static/img/res_partner_address_16.jpg"/>
        </record>
        
        <!-- 团队角色 -->
        <record model="anodoo.team.role" id="team_role_01">
            <field name="name">销售主管</field>
            <field name="sequence">1</field>
            <field name="is_leader">1</field>
            <field name="is_default">0</field>
            <field name="group_id" ref="sales_team.group_sale_manager"/>
        </record>    
        <record model="anodoo.team.role" id="team_role_02">
            <field name="name">销售人员</field>
            <field name="sequence">10</field>
            <field name="is_leader">0</field>
            <field name="is_default">1</field>
            <field name="group_id" ref="sales_team.group_sale_salesman"/>
        </record>  
        
    	<!-- 团队模板 -->
    	<record model="crm.team" id="team_template_1">
            <field name="name">销售团队模板</field>
            <field name="team_type">sales</field>
            <field name="description">销售团队模板</field>
            <field name="is_template">1</field>
            <field name="company_id" ref="base.main_company"/>
            <field name="team_roles" eval="[(6,0,[ref('team_role_01'), ref('team_role_02')])]"/>
        </record>
        
        
        <!-- 团队 -->
        <record model="crm.team" id="team_sales_1">
            <field name="name">销售部一组</field>
            <field name="team_type">sales</field>
            <field name="description">安欧度公司销售部一组</field>
            <field name="company_id" ref="base.main_company"/>
            <field name="team_roles" eval="[(6,0,[ref('team_role_01'), ref('team_role_02')])]"/>
        </record>
        <record model="anodoo.team.member" id="team_member_1_1">
            <field name="team_id" ref="team_sales_1"/>
            <field name="role_id" ref="team_role_01"/>
            <field name="user_id" ref="user_zhao_sales"/>
        </record>
        <record model="anodoo.team.member" id="team_member_1_2">
            <field name="team_id" ref="team_sales_1"/>
            <field name="role_id" ref="team_role_02"/>
            <field name="user_id" ref="user_qian_sales"/>
        </record>
        
        <record model="crm.team" id="team_sales_2">
            <field name="name">销售部二组</field>
            <field name="team_type">sales</field>
            <field name="description">安欧度公司销售部二组</field>
            <field name="company_id" ref="base.main_company"/>
            <field name="team_roles" eval="[(6,0,[ref('team_role_01'), ref('team_role_02')])]"/>
        </record>       
        <record model="anodoo.team.member" id="team_member_2_1">
            <field name="team_id" ref="team_sales_2"/>
            <field name="role_id" ref="team_role_01"/>
            <field name="user_id" ref="user_sun_sales"/>
        </record>
        <record model="anodoo.team.member" id="team_member_2_2">
            <field name="team_id" ref="team_sales_2"/>
            <field name="role_id" ref="team_role_02"/>
            <field name="user_id" ref="user_li_sales"/>
        </record>
        
        <record model="crm.team" id="team_marketing_3">
            <field name="name">营销部</field>
            <field name="team_type">marketing</field>
            <field name="description">安欧度公司营销团队</field>
            <field name="company_id" ref="base.main_company"/>
        </record>
        <record model="anodoo.team.member" id="team_member_3_1">
            <field name="team_id" ref="team_marketing_3"/>
            <field name="user_id" ref="user_zhao_marketing"/>
        </record>
        <record model="anodoo.team.member" id="team_member_3_2">
            <field name="team_id" ref="team_marketing_3"/>
            <field name="user_id" ref="user_qian_marketing"/>
        </record>
        
        
    </data>
</odoo>
