<?xml version="1.0" encoding="utf-8"?>
<odoo>
    <data noupdate="1">
        <record id="event_type_data_tracks" model="event.type">
            <field name="name">Conference</field>
            <field name="auto_confirm" eval="True"/>
            <field name="use_mail_schedule" eval="True"/>
            <field name="website_menu" eval="True"/>
            <field name="website_track" eval="True"/>
            <field name="website_track_proposal" eval="True"/>
        </record>
    </data>
</odoo>
