<?xml version="1.0" encoding="utf-8"?>
<odoo>
    <data noupdate="0">
    	<!-- 修改原邮件模板,包括内容发布模板,分享模板,邀请学员模板 -->
    	<record id="website_slides.slide_template_published" model="mail.template">
            <field name="name">内容发布邮件模板</field>
            <field name="subject">欢迎学习,课程${object.channel_id.name}中发布新内容${object.slide_type}</field>
            <field name="body_html" type="html">
                <div style="margin: 0px; padding: 0px;">
                    <p style="margin: 0px; padding: 0px; font-size: 13px;">
                        您好:<br/><br/>
                        您订阅的课程<strong>${object.channel_id.name}</strong>发布了以下新内容,欢迎学习:<br/><br/>
                        <center><strong>${object.name}</strong></center>
                        % if object.image_1024
                        <div style="margin: 16px 8px 16px 8px; text-align: center;">
                            <a href="${object.website_url}">
                                <img alt="${object.name}" src="${ctx['base_url']}/web/image/slide.slide/${object.id}/image_1024" style="height:auto; width:150px; margin: 16px;"/>
                            </a>
                        </div>
                        % endif
                        <div style="margin: 16px 8px 16px 8px; text-align: center;">
                            <a href="${object.website_url}"
                                style="background-color: #875a7b; padding: 8px 16px 8px 16px; text-decoration: none; color: #fff; border-radius: 5px;">浏览内容</a>
                        </div>
                        <br/><br/>
                        Anodoo在线学习平台欢迎您. 让我们一起学习,一起成长!
                        <br/>
                        <img alt="Anodoo在线学习平台" src="${ctx['base_url']}/anodoo_base/static/src/img/anodoo.png" style="height:auto; width:150px; margin: 16px;"/>
                    </p>
                </div>
            </field>
        </record>

        <record id="website_slides.slide_template_shared" model="mail.template">
            <field name="name">内容分享邮件模板</field>
            <field name="subject">${user.name}和你分享内容: ${object.slide_type}</field>
            <field name="body_html" type="html">
                <div style="margin: 0px; padding: 0px;">
                    <p style="margin: 0px; padding: 0px; font-size: 13px;">
                        您好:<br/><br/>
                        ${user.name} 和你分享了以下内容:
                        <br/>内容类型:<strong> ${object.slide_type}</strong>
                        <br/>内容标题:<strong> ${object.name}</strong>
                        <div style="margin: 16px 8px 16px 8px; text-align: center;">
                            <a href="${(object.website_url + '?fullscreen=1') if ctx['fullscreen'] else object.website_url | safe}">
                                <img alt="${object.name}" src="${ctx['base_url']}/web/image/slide.slide/${object.id}/image_1024" style="height:auto; width:150px; margin: 16px;"/>
                            </a>
                        </div>
                        <div style="margin: 16px 8px 16px 8px; text-align: center;">
                            <a href="${(object.website_url + '?fullscreen=1') if ctx['fullscreen'] else object.website_url | safe}"
                                style="background-color: #875a7b; padding: 8px 16px 8px 16px; text-decoration: none; color: #fff; border-radius: 5px;"><strong>浏览内容</strong></a>
                        </div>
                        <br/><br/>
                        Anodoo在线学习平台欢迎您. 让我们一起学习,一起成长!
                        <br/>
                        <img alt="Anodoo在线学习平台" src="${ctx['base_url']}/anodoo_base/static/src/img/anodoo.png" style="height:auto; width:150px; margin: 16px;"/>
                    </p>
                </div>
            </field>
        </record>

        <!-- Slide channel invite feature -->
        <record id="website_slides.mail_template_slide_channel_invite" model="mail.template">
            <field name="name">课程邀请邮件模板</field>
            <field name="subject">欢迎您加入课程: ${object.channel_id.name}</field>
            <field name="body_html" type="html">
				<div style="margin: 0px; padding: 0px; font-size: 13px;">
				    <p style="margin: 0px; padding: 0px; font-size: 13px;">
				        亲爱的 ${object.partner_id.name or '学员'}<br/><br/>
				        以下是我们最新发布的新课程,欢迎您访问我们的在线学习平台,学习以下课程:<br/>
				        <strong>${object.channel_id.name}</strong>
				        <div style="margin: 16px 0px 16px 0px;">
				            <a href="${(object.channel_id.website_url) | safe}"
				                style="background-color: #875A7B; padding: 8px 16px 8px 16px; text-decoration: none; color: #fff; border-radius: 5px; font-size:13px;">
				                点击这里参加课程
				            </a>
				        </div>
				        <br/><br/>
				        Anodoo在线学习平台欢迎您. 让我们一起学习,一起成长!
				        <br/>
				        <img alt="Anodoo在线学习平台" src="${ctx['base_url']}/anodoo_base/static/src/img/anodoo.png" style="height:auto; width:150px; margin: 16px;"/>
				    </p>
				</div>
            </field>
        </record>
    </data>
</odoo>