<?xml version="1.0" encoding="UTF-8"?>
<template>
    <t t-name="Many2ManyAttendeeTag" t-extend="FieldMany2ManyTag">
        <t t-jquery="span:first" t-operation="prepend">
            <span t-if="attendeesData[el_index]" t-attf-class="o_calendar_invitation #{attendeesData[el_index].status}"/>
        </t>
    </t>

    <t t-extend="mail.systray.ActivityMenu.Previews">
        <t t-jquery="div.o_preview_title" t-operation="after">
            <div t-if="activity and activity.type == 'meeting'">
                <t t-set="is_next_meeting" t-value="true"/>
                <t t-foreach="activity.meetings" t-as="meeting">
                    <div>
                        <span t-att-class="!meeting.allday and is_next_meeting ? 'o_meeting_filter o_meeting_bold' : 'o_meeting_filter'" t-att-data-res_model="activity.model" t-att-data-res_id="meeting.id" t-att-data-model_name="activity.name" t-att-title="meeting.name">
                            <span><t t-esc="meeting.name"/></span>
                        </span>
                        <span t-if="meeting.start" class="float-right">
                            <t t-if="meeting.allday">All Day</t>
                            <t t-else=''>
                                <t t-set="is_next_meeting" t-value="false"/>
                                <t t-esc="moment(meeting.start).local().format('hh:mm A')"/>
                            </t>
                        </span>
                    </div>
                </t>
            </div>
        </t>
    </t>

    <t t-name="Calendar.attendee.status.popover" t-extend="CalendarView.event.popover">
        <t t-jquery=".o_cw_popover_delete" t-operation="after">
            <div t-if="widget.showStatusDropdown" class="btn-group o-calendar-attendee-status ml-2">
                <a href="#" class="btn btn-secondary dropdown-toggle" data-toggle="dropdown" aria-haspopup="true" aria-expanded="false">
                    <i t-attf-class="fa fa-circle o-calendar-attendee-status-icon #{widget.selectedStatusInfo.color}"/> <span class="o-calendar-attendee-status-text" t-esc="widget.selectedStatusInfo.text"></span>
                </a>
                <div class="dropdown-menu overflow-hidden">
                    <a class="dropdown-item" href="#" data-action="accepted"><i class="fa fa-circle text-success"/> Accept</a>
                    <a class="dropdown-item" href="#" data-action="declined"><i class="fa fa-circle text-danger"/> Decline</a>
                    <a class="dropdown-item" href="#" data-action="tentative"><i class="fa fa-circle text-muted"/> Uncertain</a>
                </div>
            </div>
        </t>
    </t>

</template>
