<?xml version="1.0" encoding="UTF-8"?>
<templates id="template" xml:space="preserve">

<t t-extend="WebClient.DebugManager.Backend">
    <t t-jquery="a[data-action='select_view']" t-operation="after">
        <t t-if="manager._is_admin">
            <a t-if="manager.consume_tours_enabled" href="#" class="dropdown-item" data-action="consume_tours">Disable Tours</a>
            <a href="#" class="dropdown-item" data-action="start_tour">Start Tour</a>
        </t>
    </t>
</t>

<t t-name="WebClient.DebugManager.ToursDialog">
    <div>
        <table class="table table-sm table-striped table-responsive">
            <tr>
                <th>Name</th>
                <th>Path</th>
                <th/>
            </tr>

            <tr t-foreach="tours" t-as="tour">
                <td><t t-esc="tour"/></td>
                <td><t t-esc="tours[tour].url"/></td>
                <td><button type="button" class="btn btn-primary fa fa-play o_start_tour" t-att-data-name="tour" aria-label="Tour" title="Tour"/></td>
            </tr>
        </table>
    </div>
</t>

</templates>
