<?xml version="1.0" encoding="utf-8"?>
<odoo>
    <data noupdate="0">
    	<!-- 在线聊天 -->
    	<record id="im_livechat.im_livechat_channel_data" model="im_livechat.channel">
            <field name="name">huangsiwei.com</field>            
        </record>
        
        <record id="im_livechat_channel_data2" model="im_livechat.channel">
            <field name="name">anodoo.com</field> 
            <field name="button_text">欢迎在线咨询...</field>
            <field name="default_message">您好,请问有什么可以帮您?</field>
            <field name="input_placeholder">您好,请输入您的问题.</field>
                       
        </record>
        
    	<record id="website.default_website" model="website">
            <field name="name">huangsiwei.com</field>
            <field name="domain">www.huangsiwei.com</field>
        </record>
        
        <record id="website_demo_2" model="website">
            <field name="name">anodoo.com</field>
            <field name="domain">www.anodoo.com</field>
            <field name="favicon" model="anodoo.product" eval="obj()._get_default_favicon()"/>
            <field name="logo" type="base64" file="anodoo_base/static/src/img/anodoo.png"/>
            <field name="auth_signup_uninvited">b2c</field>
            <field name="channel_id" ref="im_livechat_channel_data2"></field>
        </record>       
        
    </data>
</odoo>