<?xml version="1.0" encoding="utf-8"?>
<odoo>
    <data noupdate="0">
    	<!-- 
    	<record id="engage_channel_sms" model="anodoo.engage.channel">
	    	<field name="code">engage.channel.sms</field>
	        <field name="name">短信</field>
	        <field name="sequence">11</field>
	        <field name="online">online</field>
	        <field name="type">outtype</field>
	        <field name="description">通过短信和客户交互.相关的其他交互类型有电子邮件等</field>
	    </record>
	    
	    <record id="engage_channel_sms_send" model="mail.activity.type">
            <field name="name">发送短信</field>
            <field name="engage_channel_id" ref="engage_channel_sms"/>
        </record>
        <record id="engage_channel_sms_receive" model="mail.activity.type">
            <field name="name">接收短信</field>
            <field name="engage_channel_id" ref="engage_channel_sms"/>
        </record>
         -->
    </data>
</odoo>