<?xml version="1.0" encoding="utf-8"?>
<odoo>
    <data noupdate="0">
    	<record model="anodoo.portal" id="default_my_portal">
	        <field name="name">我的门户</field>
	        <field name="code">my</field>
	        <field name="description">每一个用户,都默认可以访问我的门户</field>
	        <field name="is_default">True</field>
	        <field name="view_id" ref="portal.portal_my_home"/>
	        <field name="group_id" ref="base.group_no_one"/>
	    </record>
	    
	    <record id="anodoo_customer_portal" model="res.groups">
	        <field name="name">客户门户权限组</field>
	        <field name="category_id" ref="anodoo_base.module_category_anodoo" />
	        <field name="users" eval="[
	                    (4, ref('base.user_root')),
	                    (4, ref('base.user_admin'))
	                ]" />
	    </record>
	    
	    <record id="anodoo_partner_portal" model="res.groups">
	        <field name="name">代理商门户权限组</field>
	        <field name="category_id" ref="anodoo_base.module_category_anodoo" />
	        <field name="users" eval="[
	                    (4, ref('base.user_root')),
	                    (4, ref('base.user_admin'))
	                ]" />
	    </record>
    </data>
</odoo>