<?xml version="1.0" encoding="utf-8"?>
<odoo>
    <data noupdate="0">
    	<record id="res_partner_category_0" model="res.partner.category">
            <field name="name">重要</field>
            <field name="color" eval="2"/>
        </record>
        <record id="res_partner_category_2" model="res.partner.category">
            <field name="name">潜在客户</field>
            <field name="color" eval="3"/>
        </record>
        <record id="res_partner_category_3" model="res.partner.category">
            <field name="name">同事</field>
            <field name="color" eval="4"/>
        </record>
        <record id="res_partner_category_8" model="res.partner.category">
            <field name="name">客户联系人</field>
            <field name="color" eval="5"/>
        </record>
        <record id="res_partner_category_11" model="res.partner.category">
            <field name="name">广东</field>
            <field name="color" eval="7"/>
        </record>
        <record id="res_partner_category_12" model="res.partner.category">
            <field name="name">伙伴</field>
            <field name="parent_id" ref="res_partner_category_0"/>
            <field name="color" eval="8"/>
        </record>
        <record id="res_partner_category_14" model="res.partner.category">
            <field name="name">服务提供方</field>
            <field name="color" eval="10"/>
            <field name="parent_id" ref="res_partner_category_0"/>
        </record>
    </data>
</odoo>