id,name,model_id:id,group_id:id,perm_read,perm_write,perm_create,perm_unlink
access_event_location_manager,event.track.location manager,model_event_track_location,event.group_event_manager,1,1,1,1
access_event_track_manager,event.track manager,model_event_track,event.group_event_manager,1,1,1,1
access_event_track_tag_public,event.track.tag public,model_event_track_tag,,1,0,0,0
access_event_track_tag_manager,event.track.tag manager,model_event_track_tag,event.group_event_manager,1,1,1,1
access_event_track_location_public,event.track.location public,model_event_track_location,,1,0,0,0
access_event_track_location_manager,event.track.location manager,model_event_track_location,event.group_event_manager,1,1,1,1
access_event_track__public,event.track.public,model_event_track,,1,0,0,0
access_event_track_sponsor_type_manager,event.track.sponsor.type.public,model_event_sponsor_type,event.group_event_manager,1,1,1,1
access_event_track_sponsor_type_public,event.track.sponsor.type.public,model_event_sponsor_type,,1,0,0,0
access_event_track_sponsor_manager,event.track.sponsor.type.public,model_event_sponsor,event.group_event_manager,1,1,1,1
access_event_track_sponsor_public,event.track.sponsor.public,model_event_sponsor,,1,0,0,0
access_event_track_stage_all,event.track.stage.all,model_event_track_stage,,1,0,0,0
access_event_track_stage_event_manager,event.track.stage.event.manager,model_event_track_stage,event.group_event_manager,1,1,1,1
access_website_event_menu_public,website.event.menu,model_website_event_menu,,1,0,0,0
access_website_event_menu_manager,website.event.menu,model_website_event_menu,event.group_event_manager,1,1,1,1
