<?xml version="1.0" encoding="utf-8"?>
<odoo>
    <data noupdate="0">
        <record id="anodoo_base.user_zhao_portal" model="res.users" >
        	<field name="karma">350</field>
        </record>
        <record id="anodoo_base.user_qian_portal" model="res.users" >
        	<field name="karma">520</field>
        </record>
        <record id="anodoo_base.user_sun_portal" model="res.users" >
        	<field name="karma">100</field>
        </record>
        <record id="anodoo_base.user_li_portal" model="res.users" >
        	<field name="karma">1700</field>
        </record>
        
    	<record id="anodoo_base.partner_zhao_portal" model="res.partner">
    		<field name="is_published">True</field>
    	</record>
        <record id="anodoo_base.partner_qian_portal" model="res.partner">
    		<field name="is_published">True</field>
    	</record>
    	<record id="anodoo_base.partner_sun_portal" model="res.partner">
    		<field name="is_published">True</field>
    	</record>
    	<record id="anodoo_base.partner_li_portal" model="res.partner">
    		<field name="is_published">True</field>
    	</record>
    </data>
</odoo>