<?xml version="1.0" encoding="utf-8"?>
<odoo>
	<data noupdate="0">
		<!-- 管理员2 -->		
        <record model="res.partner" id="partner_admin2">
            <field name="name">管理员2</field>
            <field name="partner_type">user</field>
            <field name="email">contact@anodoo.com</field>
            <field name="tz">Asia/Shanghai</field>
            <field name="image_1920" type="base64" file="base/static/img/res_partner_address_24.jpg"/>
        </record>
        <record id="user_admin2" model="res.users">
            <field name="login">admin2</field>
            <field name="password">123456</field>
            <field name="partner_id" ref="partner_admin2"/>
            <field name="company_id" ref="base.main_company"/>
            <field name="company_ids" eval="[(4, ref('base.main_company'))]"/>
            <field name="groups_id" eval="[(6,0,[])]"/>
            <field name="signature"><![CDATA[<span>-- <br/>
Administrator</span>]]></field>
        </record>
        <record id="base.group_system" model="res.groups"><!-- Add the demo user to the portal (and therefore to the portal member group) -->
            <field name="users" eval="[(4,ref('user_admin2'))]"/>
        </record>
        
		<!-- 增加赵钱孙李 4个门户用户 -->
        <record id="partner_zhao_portal" model="res.partner">
            <field name="name">赵用户</field>
            <field name="email">zhao.portal@anodoo.com</field>
            <field name="street">中山路1号</field>
            <field name="city">南京市</field>
            <field model="res.country.state" name="state_id" search="[('name','ilike','江苏省')]"/>
            <field name="zip">070020</field>
            <field name="country_id" ref="base.cn"/>
            <field name="image_1920" type="base64" file="base/static/img/res_partner_address_7.jpg"/>
            <field name="phone">(683)-556-5104</field>
            <field name="partner_type">user</field>
        </record>
        <record id="user_zhao_portal" model="res.users" >
            <field name="partner_id" ref="partner_zhao_portal"/>
            <field name="login">zhao.portal</field>
            <field name="password">123456</field>
            <field name="signature"><![CDATA[<span>-- <br/>赵用户</span>]]></field>
            <field name="groups_id" eval="[(5,)]"/>
        </record>
        <record id="base.group_portal" model="res.groups"><!-- Add the demo user to the portal (and therefore to the portal member group) -->
            <field name="users" eval="[(4,ref('user_zhao_portal'))]"/>
        </record>
        
        <record id="partner_qian_portal" model="res.partner">
            <field name="name">钱用户</field>
            <field name="email">qian.portal@anodoo.com</field>
            <field name="street">佛山路322号</field>
            <field name="city">南京市</field>
            <field model="res.country.state" name="state_id" search="[('name','ilike','江苏省')]"/>
            <field name="zip">070020</field>
            <field name="country_id" ref="base.cn"/>
            <field name="image_1920" type="base64" file="base/static/img/res_partner_address_18.jpg"/>
            <field name="phone">(683)-556-5104</field>
            <field name="partner_type">user</field>
        </record>
        <record id="user_qian_portal" model="res.users" >
            <field name="partner_id" ref="partner_qian_portal"/>
            <field name="login">qian.portal</field>
            <field name="password">123456</field>
            <field name="signature"><![CDATA[<span>-- <br/>钱用户</span>]]></field>
            <field name="groups_id" eval="[(5,)]"/>
        </record>
        <record id="base.group_portal" model="res.groups"><!-- Add the demo user to the portal (and therefore to the portal member group) -->
            <field name="users" eval="[(4,ref('user_qian_portal'))]"/>
        </record>
        
        <record id="partner_sun_portal" model="res.partner">
            <field name="name">孙用户</field>
            <field name="email">sun.portal@anodoo.com</field>
            <field name="street">东莞路3152号</field>
            <field name="city">南京市</field>
            <field model="res.country.state" name="state_id" search="[('name','ilike','江苏省')]"/>
            <field name="zip">070020</field>
            <field name="country_id" ref="base.cn"/>
            <field name="image_1920" type="base64" file="base/static/img/res_partner_address_28.jpg"/>
            <field name="phone">(683)-556-5104</field>
            <field name="partner_type">user</field>
        </record>
        <record id="user_sun_portal" model="res.users" >
            <field name="partner_id" ref="partner_sun_portal"/>
            <field name="login">sun.portal</field>
            <field name="password">123456</field>
            <field name="signature"><![CDATA[<span>-- <br/>孙用户</span>]]></field>
            <field name="groups_id" eval="[(5,)]"/>
        </record>
        <record id="base.group_portal" model="res.groups"><!-- Add the demo user to the portal (and therefore to the portal member group) -->
            <field name="users" eval="[(4,ref('user_sun_portal'))]"/>
        </record>
        
        <record id="partner_li_portal" model="res.partner">
            <field name="name">李用户</field>            
            <field name="email">li.portal@anodoo.com</field>
            <field name="street">顺德路3112号</field>
            <field name="city">南京市</field>
            <field model="res.country.state" name="state_id" search="[('name','ilike','江苏省')]"/>
            <field name="zip">070020</field>
            <field name="country_id" ref="base.cn"/>
            <field name="image_1920" type="base64" file="base/static/img/res_partner_address_10.jpg"/>
            <field name="phone">(683)-556-5104</field>
            <field name="partner_type">user</field>
        </record>
        <record id="user_li_portal" model="res.users" >
            <field name="partner_id" ref="partner_li_portal"/>
            <field name="login">li.portal</field>
            <field name="password">123456</field>
            <field name="signature"><![CDATA[<span>-- <br/>李用户</span>]]></field>
            <field name="groups_id" eval="[(5,)]"/>
        </record>
        <record id="base.group_portal" model="res.groups"><!-- Add the demo user to the portal (and therefore to the portal member group) -->
            <field name="users" eval="[(4,ref('user_li_portal'))]"/>
        </record>
	</data>
</odoo>