<?xml version="1.0" encoding="utf-8"?>
<odoo>
    <data noupdate="0">
    	<!-- 
    	<record id="engage_channel_event" model="anodoo.engage.channel">
	    	<field name="code">engage.channel.event</field>
	        <field name="name">活动</field>
	        <field name="sequence">15</field>
	        <field name="online">on_and_off</field>
	        <field name="type">intype</field>
	        <field name="description">通过线上或者线下的活动和客户交互,活动有大型联谊,峰会,会展等,也有小型宴请,线上培训.相关的其他交互类型有日常会议,日常拜访等</field>
	    </record>
	    
	    <record id="engage_channel_event_event" model="mail.activity.type">
            <field name="name">活动</field>
            <field name="engage_channel_id" ref="engage_channel_event"/>
        </record>
         -->
    </data>
</odoo>