<?xml version="1.0" encoding="UTF-8"?>
<templates>

    <t t-name="anodoo_website.default_website_form">
        <div class="form-group row form-field">
            <div class="col-lg-3 col-md-4">
                <label class="col-form-label" for="name">名称</label>
            </div>
            <div class="col-lg-7 col-md-8">
                <input type="text" class="form-control o_website_form_input" name="name" />
            </div>
        </div>
         <div class="form-group row form-field">
            <div class="col-lg-3 col-md-4">
                <label class="col-form-label" for="description">描述</label>
            </div>
            <div class="col-lg-7 col-md-8">
                <input type="text" class="form-control o_website_form_input" name="description" />
            </div>
        </div>
    </t>

</templates>
