<?xml version="1.0" encoding="utf-8"?>
<odoo>
<data noupdate="0">
    <record id="stock.group_stock_manager" model="res.groups">
        <field name="implied_ids" eval="[(4, ref('account.group_account_invoice'))]"/>
    </record>

    <record model="ir.rule" id="stock_valuation_layer_company_rule">
        <field name="name">Stock Valuation Layer Multicompany</field>
        <field name="model_id" search="[('model','=','stock.valuation.layer')]" model="ir.model"/>
        <field name="global" eval="True"/>
        <field name="domain_force">[('company_id', 'in', company_ids)]</field>
    </record>
</data>
</odoo>

