<?xml version="1.0" encoding="utf-8"?>
<odoo>
    <data noupdate="0">
    	<!-- 
    	<record id="engage_channel_email" model="anodoo.engage.channel">
	    	<field name="code">engage.channel.email</field>
	        <field name="name">电子邮件</field>
	        <field name="sequence">12</field>
	        <field name="online">online</field>
	        <field name="type">outtype</field>
	        <field name="description">通过第三方邮件平台和客户交互</field>
	    </record>
    
		<record id="engage_channel_email_send" model="mail.activity.type">
            <field name="name">发送邮件</field>
            <field name="engage_channel_id" ref="engage_channel_email"/>
        </record>
        <record id="engage_channel_email_send" model="mail.activity.type">
            <field name="name">接收邮件</field>
            <field name="engage_channel_id" ref="engage_channel_email"/>
        </record>
         -->
    </data>
</odoo>